episode,episode_reward_de,episode_reward_ge,step
0.0,18.697047799138396,19.563344698324325,0
10.0,27.941651933205044,25.64658345058036,5000
